,BỘ CÔNG CỤ QUẢN TRỊ DỮ LIỆU & BẢO VỆ DỮ LIỆU CÁ NHÂN

,Ngành Dịch vụ F&B (nhà hàng · quán cà phê · foodservice)  ·  Đối tác quản trị dữ liệu: Data Protectify

,Dear Our Community  ×  Data Protectify  ·  Gói B (Module B)  ·  v1.0 · 2026

,BỘ CÔNG CỤ NÀY LÀ GÌ
,"Bộ công cụ Gói B giúp doanh nghiệp chuyển từ 'lo lắng về luật dữ liệu' sang 'biết mình đang giữ dữ liệu gì và làm gì để tuân thủ' — lập bản đồ, đánh giá, ứng phó sự cố, theo dõi và hành động. Đồng thiết kế cùng Data Protectify (chuyên gia bảo vệ dữ liệu & tuân thủ) cho SME."
,Đồng thiết kế cùng Data Protectify (chuyên gia bảo vệ dữ liệu & tuân thủ): kết hợp hiểu biết pháp lý sâu với cách tiếp cận thực hành cho SME.
,Đi kèm gói 5–10 giờ tư vấn cùng chuyên gia Data Protectify để rà soát thực tế và đào sâu kết quả.
,CÁCH SỬ DỤNG — 3 BUỔI CÙNG CHUYÊN GIA DATA PROTECTIFY
,Buổi 1,Lập Bản đồ Dữ liệu & nhìn ra mình đang giữ những dữ liệu cá nhân nào. Bắt đầu Đánh giá Tuân thủ (các mục NGHIÊM TRỌNG).
,Buổi 2,Hoàn tất Đánh giá & rà soát điểm thu thập dữ liệu thực tế (POS/HR/website/app). Thiết lập quy trình ứng phó sự cố.
,Buổi 3,"Chốt Bảng Rủi ro, Kế hoạch 90 ngày & xác định nghĩa vụ DPO/DPIA theo quy mô doanh nghiệp."
,CÁC TRANG (TABS) TRONG FILE
,Hướng dẫn,Cách dùng & trình tự 3 buổi cùng chuyên gia Data Protectify.
,Bản đồ Dữ liệu,"Liệt kê dữ liệu cá nhân: nguồn, mục đích, cơ sở pháp lý, lưu trữ, truy cập."
,Đánh giá Tuân thủ,"40 câu hỏi, 6 nhóm, đối chiếu PDPL 2025 - điểm tuân thủ %."
,Ứng phó Sự cố,Quy trình 8 bước + thông báo 72 giờ + nhật ký sự cố.
,Theo dõi Pháp lý,"Lịch nghĩa vụ dữ liệu & pháp lý: rà soát, gia hạn, người phụ trách."
,Bảng Rủi ro,Tổng hợp tự động: điểm & mức rủi ro theo từng nhóm.
,Kế hoạch 90 ngày,9 hành động gợi ý + mốc rà soát 30/60/90.

,"Khung pháp lý hiện hành: Luật Bảo vệ Dữ liệu Cá nhân (Luật 91/2025/QH15) & Nghị định 356/2025/NĐ-CP — có hiệu lực 01/01/2026, thay thế Nghị định 13/2023."
